<keymap version="1" name="macOS copy" parent="Mac OS X 10.5+">
  <action id="CodeCompletion">
    <keyboard-shortcut first-keystroke="back_quote" second-keystroke="space" />
    <keyboard-shortcut first-keystroke="ctrl n" />
  </action>
  <action id="EditorDown">
    <keyboard-shortcut first-keystroke="down" />
  </action>
  <action id="EditorToggleUseSoftWraps">
    <keyboard-shortcut first-keystroke="shift meta w" />
  </action>
  <action id="KDo-cer-format-menu-all-add">
    <keyboard-shortcut first-keystroke="shift meta 2" />
  </action>
  <action id="KDo-cer-menu-add">
    <keyboard-shortcut first-keystroke="shift meta 1" />
  </action>
  <action id="PopupMenu-selectNext">
    <keyboard-shortcut first-keystroke="down" />
  </action>
  <action id="Resume">
    <keyboard-shortcut first-keystroke="f9" />
  </action>
  <action id="Run">
    <keyboard-shortcut first-keystroke="ctrl r" />
    <keyboard-shortcut first-keystroke="meta alt r" />
  </action>
  <action id="ToggleRenderedDocPresentationForAll">
    <keyboard-shortcut first-keystroke="back_quote" second-keystroke="r" />
  </action>
  <action id="Tree-selectNext">
    <keyboard-shortcut first-keystroke="down" />
  </action>
  <action id="com.github.setial.intellijjavadocs.action.JavaDocGenerateActionOnEditor">
    <keyboard-shortcut first-keystroke="shift alt g" />
    <keyboard-shortcut first-keystroke="back_quote" second-keystroke="1" />
  </action>
  <action id="com.github.setial.intellijjavadocs.action.JavaDocsGenerateActionOnEditor">
    <keyboard-shortcut first-keystroke="shift meta alt g" />
    <keyboard-shortcut first-keystroke="back_quote" second-keystroke="2" />
  </action>
</keymap>